{"initial_reset_timestamp": 1541685875.428479, "timestamps": [1541685879.616912, 1541685892.2178783, 1541685906.0661063, 1541685923.2202327, 1541685944.523766, 1541685954.8666096, 1541685971.5029354, 1541685987.7684083, 1541686005.0738587, 1541686019.1989782, 1541686035.0370963, 1541686055.0165575, 1541686068.3860993, 1541686080.506175, 1541686092.5522442, 1541686102.2773936, 1541686111.945503, 1541686125.5561075, 1541686136.5477176, 1541686147.5423555], "episode_lengths": [1045, 3614, 3854, 4823, 6808, 3418, 5278, 4082, 4087, 4239, 4719, 5985, 3797, 3559, 3613, 3167, 3164, 4453, 3593, 3601], "episode_rewards": [50.0, 262.0, 354.0, 420.0, 534.0, 308.0, 472.0, 316.0, 370.0, 386.0, 388.0, 542.0, 288.0, 260.0, 276.0, 254.0, 260.0, 414.0, 220.0, 304.0], "episode_types": ["t", "t", "t", "t", "t", "t", "t", "t", "t", "t", "t", "t", "t", "t", "t", "t", "t", "t", "t", "t"]}