{"initial_reset_timestamp": 1541530444.687118, "timestamps": [1541530448.764491, 1541530452.4259405, 1541530452.739279, 1541530452.9138086, 1541530453.1342192, 1541530453.307755, 1541530453.4842837, 1541530453.6618094, 1541530457.1947477, 1541530457.5061069, 1541530457.691611, 1541530457.9279785, 1541530458.1153634, 1541530458.2884812, 1541530458.4578605, 1541530458.6304004, 1541530458.8099182, 1541530458.9774716, 1541530459.1470177, 1541530459.3115778, 1541530459.4841156, 1541530459.646278, 1541530459.832329, 1541530460.0038705, 1541530460.2143075, 1541530460.391833, 1541530460.5638604, 1541530464.0246344, 1541530464.30613, 1541530464.4766726, 1541530464.6472166, 1541530464.8377075, 1541530465.017914, 1541530465.1791425, 1541530465.337595, 1541530465.5051484, 1541530465.673696, 1541530465.8402514, 1541530466.0107946, 1541530466.1704082, 1541530466.3419428, 1541530466.5134852, 1541530466.6940372, 1541530466.862551, 1541530467.0350912, 1541530467.2086265, 1541530467.380168, 1541530467.5604599, 1541530467.7399201, 1541530467.9130867, 1541530468.0957565, 1541530468.2702892, 1541530468.4717498, 1541530468.6412964, 1541530468.8258038, 1541530468.9893656, 1541530469.1539257, 1541530469.318094, 1541530469.4806988, 1541530469.6517916, 1541530469.815349, 1541530469.9789114, 1541530470.1424744, 1541530470.3110237, 1541530473.9575913, 1541530474.2537987, 1541530474.4562573, 1541530474.7174342, 1541530474.8879745, 1541530475.039619, 1541530475.1977098, 1541530475.4071493, 1541530475.5597417, 1541530475.7013626, 1541530475.85994, 1541530476.0294852, 1541530476.2006047, 1541530476.3681567, 1541530476.5335245, 1541530476.7051826, 1541530476.8737307, 1541530477.0462701, 1541530477.2188077, 1541530477.3893528, 1541530477.5639641, 1541530477.7145615, 1541530477.889095, 1541530478.0654497, 1541530478.2377198, 1541530478.4112923, 1541530478.5818002, 1541530478.759325, 1541530478.9348571, 1541530479.106102, 1541530479.2816322, 1541530479.4527068, 1541530479.6257377, 1541530479.8042593, 1541530479.977796, 1541530480.1563177], "episode_lengths": [200, 200, 200, 200, 200, 200, 200, 200, 200, 200, 200, 200, 200, 200, 200, 200, 200, 200, 200, 200, 200, 200, 200, 200, 200, 200, 200, 200, 200, 200, 200, 200, 200, 200, 200, 200, 200, 200, 200, 200, 200, 200, 200, 200, 200, 200, 200, 200, 200, 200, 200, 200, 200, 200, 200, 200, 200, 200, 200, 200, 200, 200, 200, 200, 200, 200, 200, 200, 200, 200, 200, 200, 200, 166, 200, 200, 200, 200, 200, 200, 200, 200, 200, 200, 200, 171, 200, 200, 200, 200, 200, 200, 200, 200, 200, 200, 200, 200, 200, 200], "episode_rewards": [200.0, 200.0, 200.0, 200.0, 200.0, 200.0, 200.0, 200.0, 200.0, 200.0, 200.0, 200.0, 200.0, 200.0, 200.0, 200.0, 200.0, 200.0, 200.0, 200.0, 200.0, 200.0, 200.0, 200.0, 200.0, 200.0, 200.0, 200.0, 200.0, 200.0, 200.0, 200.0, 200.0, 200.0, 200.0, 200.0, 200.0, 200.0, 200.0, 200.0, 200.0, 200.0, 200.0, 200.0, 200.0, 200.0, 200.0, 200.0, 200.0, 200.0, 200.0, 200.0, 200.0, 200.0, 200.0, 200.0, 200.0, 200.0, 200.0, 200.0, 200.0, 200.0, 200.0, 200.0, 200.0, 200.0, 200.0, 200.0, 200.0, 200.0, 200.0, 200.0, 200.0, 166.0, 200.0, 200.0, 200.0, 200.0, 200.0, 200.0, 200.0, 200.0, 200.0, 200.0, 200.0, 171.0, 200.0, 200.0, 200.0, 200.0, 200.0, 200.0, 200.0, 200.0, 200.0, 200.0, 200.0, 200.0, 200.0, 200.0], "episode_types": ["t", "t", "t", "t", "t", "t", "t", "t", "t", "t", "t", "t", "t", "t", "t", "t", "t", "t", "t", "t", "t", "t", "t", "t", "t", "t", "t", "t", "t", "t", "t", "t", "t", "t", "t", "t", "t", "t", "t", "t", "t", "t", "t", "t", "t", "t", "t", "t", "t", "t", "t", "t", "t", "t", "t", "t", "t", "t", "t", "t", "t", "t", "t", "t", "t", "t", "t", "t", "t", "t", "t", "t", "t", "t", "t", "t", "t", "t", "t", "t", "t", "t", "t", "t", "t", "t", "t", "t", "t", "t", "t", "t", "t", "t", "t", "t", "t", "t", "t", "t"]}